,0
),1250
(,1250
the,809
’,419
to,395
",",359
of,336
a,289
and,240
-,234
in,194
you,176
it,172
I,170
s,156
that,137
on,134
.,116
for,115
they,105
we,102
be,94
with,85
t,84
at,80
is,74
have,69
from,65
was,64
as,60
there,58
can,57
are,53
–,53
about,51
people,50
so,49
 ,49
more,48
The,46
re,45
this,45
will,43
one,42
but,42
do,42
ll,42
need,41
if,41
what,41
by,40
them,39
were,38
other,37
their,37
ve,37
or,37
out,36
your,35
all,35
up,35
Q15,35
Q23,35
Q28,35
some,34
like,34
Q12,34
Q14,34
Q20,34
Q22,34
Q18,34
Q11,33
Q13,33
Q21,33
Q27,33
Q29,33
Q30,33
Q16,33
an,32
right,32
Q19,32
Q17,32
get,31
just,31
d,31
when,31
been,31
Q6,31
Q24,31
Q25,31
Q3,31
But,30
which,30
Q2,30
Q7,30
Q10,30
Q31,30
Q33,30
Q34,30
Q35,30
Q39,30
Q26,30
he,29
Q1,29
Q32,29
Q8,29
Q40,29
who,28
side,28
It,28
Q36,28
Q37,28
Q38,28
time,27
go,27
see,27
not,27
Q5,27
how,26
had,26
Q4,26
Q9,26
year,25
our,25
would,24
A,24
first,24
think,24
make,24
something,23
end,23
two,22
where,22
has,22
find,22
got,22
then,22
don,22
could,21
And,21
quite,21
should,21
different,20
because,20
left,20
Example,19
Road,19
road,19
years,18
much,18
these,18
also,18
work,18
most,18
We,18
now,18
any,18
park,17
only,17
very,17
number,17
used,17
main,17
going,17
really,17
didn,17
local,16
off,16
That,16
new,16
many,16
path,16
E,15
N,15
me,15
long,15
small,15
‘,15
into,15
his,15
better,15
take,15
want,15
So,15
same,14
no,14
children,14
L,14
T,14
￡,14
than,14
use,14
actually,14
down,14
far,14
my,14
us,13
here,13
If,13
next,13
might,13
before,13
over,13
own,13
few,13
day,13
lot,13
way,13
public,13
she,13
You,13
her,13
three,12
wanted,12
part,12
R,12
half,12
area,12
each,12
Street,12
entrance,12
door,12
gardens,12
those,12
sure,12
through,11
H,11
too,11
m,11
things,11
room,11
well,11
old,11
using,11
along,11
play,11
enough,11
after,11
turn,11
good,11
course,10
decided,10
S,10
near,10
put,10
O,10
between,10
ask,10
look,10
back,10
company,10
large,10
This,10
books,10
?,10
food,10
looking,10
river,10
five,9
Hill,9
garden,9
library,9
include,9
students,9
started,9
Then,9
ones,9
writing,9
last,9
What,9
leave,9
possible,9
know,9
hard,9
corridor,9
come,9
museum,9
every,8
six,8
days,8
four,8
eight,8
C,8
past,8
week,8
focus,8
its,8
rather,8
training,8
country,8
keep,8
team,8
free,8
making,8
example,8
…,8
say,8
even,8
study,8
great,8
school,8
city,8
Section3,8
bridge,8
parking,8
report,7
always,7
extra,7
around,7
together,7
Y,7
little,7
roads,7
less,7
being,7
away,7
experience,7
house,7
building,7
They,7
ago,7
water,7
outside,7
field,7
month,7
City,7
expected,7
found,7
phone,7
walking,7
give,7
afternoon,7
whole,7
talk,7
fact,7
until,7
style,7
audience,7
read,7
start,7
trees,7
test2,7
Section1,7
isn,7
thought,7
east,7
Section4,7
women,7
—,7
stage,7
century,7
someone,7
gate,7
cost,6
wouldn,6
place,6
places,6
car,6
low,6
double,6
west,6
information,6
book,6
When,6
second,6
running,6
ten,6
department,6
walk,6
staff,6
Hall,6
must,6
range,6
write,6
help,6
hand,6
holiday,6
cinema,6
animals,6
site,6
point,6
results,6
feel,6
bit,6
said,6
There,6
healthy,6
social,6
town,6
presentation,6
idea,6
probably,6
seeds,6
test3,6
yourself,6
made,6
lunch,6
bend,6
doesn,6
never,6
instead,6
south,6
short,5
full,5
without,5
bikes,5
months,5
money,5
learn,5
education,5
care,5
confidence,5
M,5
let,5
hundred,5
resources,5
lots,5
available,5
Centre,5
technical,5
trying,5
suggest,5
problems,5
young,5
close,5
industry,5
Some,5
ground,5
system,5
problem,5
effects,5
research,5
power,5
several,5
box,5
office,5
traffic,5
species,5
mind,5
personal,5
weeks,5
check,5
games,5
B,5
themselves,5
land,5
location,5
open,5
space,5
caf,5
é,5
understanding,5
change,5
world,5
important,5
environment,5
pool,5
often,5
particular,5
doing,5
supermarket,5
corner,5
W,5
medical,5
everyone,5
came,5
round,5
£,5
theatre,5
able,5
contact,5
paintings,5
ahead,5
towards,5
under,5
sitting,5
evening,5
seen,5
test1,5
couldn,5
set,5
air,5
market,5
jobs,5
lake,5
pupils,5
term,4
topic,4
having,4
meant,4
developed,4
pay,4
interested,4
D,4
national,4
charge,4
tables,4
$,4
nine,4
seven,4
bank,4
dangerous,4
best,4
north,4
run,4
may,4
ways,4
000,4
business,4
July,4
group,4
handouts,4
prepared,4
level,4
needs,4
science,4
minutes,4
fit,4
existing,4
once,4
film,4
hour,4
Museum,4
England,4
built,4
houses,4
button,4
gone,4
Thursday,4
minute,4
red,4
almost,4
Asiatic,4
1,4
stores,4
settlers,4
transport,4
life,4
wasn,4
He,4
terms,4
reference,4
working,4
online,4
confident,4
holidays,4
present,4
central,4
areas,4
stop,4
screen,4
20,4
Station,4
stress,4
Antarctica,4
visitors,4
centre,4
waste,4
No,4
details,4
sports,4
already,4
helped,4
still,4
fish,4
fishing,4
seeing,4
soon,4
matter,4
establish,4
insects,4
ideas,4
trip,4
impact,4
thing,4
questions,4
meat,4
safety,4
taking,4
structure,4
gave,4
again,4
junction,4
men,4
takes,4
did,4
clothing,4
person,4
price,4
quickly,4
Our,4
felt,4
known,4
makes,4
interesting,4
sea,4
colour,4
missed,4
glass,4
kind,4
went,4
doors,4
myself,4
Section2,4
whether,4
decide,4
why,4
numbers,4
technology,4
looks,4
live,4
seems,4
straight,4
One,4
parents,4
tour,4
manager,4
goes,4
though,4
reach,4
try,4
gives,4
friends,4
moving,4
crossing,4
leads,4
realise,4
story,4
brain,4
purpose,4
herself,4
onto,4
courtyard,4
bike,3
order,3
thousand,3
computers,3
tools,3
activities,3
organise,3
benefit,3
P,3
hotel,3
tennis,3
18,3
G,3
Friday,3
wide,3
J,3
Monday,3
March,3
accessible,3
sit,3
data,3
language,3
International,3
plants,3
500,3
home,3
16th,3
clear,3
teaching,3
discussion,3
written,3
support,3
sales,3
competition,3
interest,3
hospital,3
ocean,3
relationships,3
weather,3
October,3
latest,3
arrive,3
Wednesday,3
swimming,3
classes,3
10,3
am,3
K,3
motion,3
films,3
break,3
climbing,3
wall,3
metal,3
restrictions,3
fires,3
families,3
shop,3
fewer,3
slow,3
dark,3
individual,3
15,3
kitchen,3
hands,3
parks,3
Room,3
since,3
lions,3
images,3
thirty,3
Neolithic,3
contain,3
sheep,3
size,3
surface,3
longer,3
age,3
Garden,3
viewpoint,3
2,3
finding,3
materials,3
workshop,3
younger,3
balance,3
bought,3
drama,3
history,3
attitudes,3
encourage,3
managers,3
situation,3
happens,3
culture,3
control,3
scientists,3
discovered,3
travel,3
answer,3
Yes,3
later,3
general,3
actual,3
extremely,3
U,3
Now,3
comfortable,3
shoes,3
recreation,3
outdoor,3
complex,3
shelter,3
causes,3
o,3
understand,3
global,3
seem,3
simply,3
return,3
28th,3
cut,3
12,3
opportunities,3
wider,3
variety,3
kinds,3
allow,3
does,3
per,3
identified,3
opened,3
setting,3
approach,3
factory,3
skills,3
plan,3
chose,3
expect,3
agreed,3
Days,3
entry,3
music,3
temporary,3
employment,3
newspapers,3
third,3
involved,3
gets,3
limited,3
pretty,3
reading,3
overall,3
real,3
speed,3
concentrate,3
Yam,3
painting,3
figures,3
during,3
bird,3
map,3
paths,3
finished,3
groups,3
metres,3
relatively,3
windows,3
8,3
won,3
fitness,3
!,3
workers,3
times,3
castle,3
yet,3
turning,3
survey,3
Just,3
form,3
project,3
countryside,3
cities,3
lighting,3
recently,3
health,3
migration,3
To,3
self,3
personality,3
website,3
changes,3
particularly,3
listening,3
saying,3
wrong,3
final,3
test4,3
success,3
Parking,3
nanotechnology,3
concerned,3
opposite,3
Barn,3
footpath,3
choose,3
significant,3
artists,3
facing,3
immediately,3
done,3
busy,3
show,3
served,3
cycle,3
cars,3
closed,3
street,3
payment,3
sugar,3
date,3
increasing,3
centres,3
opportunity,3
clients,3
chance,3
suitable,3
notes,3
coffee,3
On,3
another,3
him,3
planning,3
School,3
front,3
seed,3
plant,3
design,3
Crawley,3
identify,3
case,3
carefully,3
maybe,3
marked,3
slides,3
dance,3
big,3
exercise,3
goals,3
volunteering,3
calories,3
least,3
family,3
head,3
heavy,3
pond,3
happy,3
eat,3
essay,2
modules,2
join,2
constant,2
send,2
recognise,2
seventy,2
bring,2
hear,2
politics,2
nursing,2
fifteen,2
April,2
passport,2
photos,2
papers,2
card,2
move,2
wheels,2
buy,2
sharp,2
messages,2
vegetarian,2
series,2
Clearly,2
sources,2
version,2
afraid,2
borrow,2
require,2
lessons,2
drop,2
cooking,2
soil,2
dinner,2
complete,2
May,2
outline,2
student,2
capital,2
attract,2
advertising,2
campaign,2
innovation,2
fifty,2
platforms,2
3,2
pollution,2
norm,2
starting,2
June,2
deal,2
practice,2
afternoons,2
Sunday,2
teams,2
Sports,2
bar,2
pm,2
assessment,2
European,2
systems,2
appear,2
heard,2
France,2
tension,2
hold,2
took,2
sound,2
poor,2
quality,2
Central,2
schools,2
feed,2
usually,2
badly,2
electricity,2
coal,2
perhaps,2
tiny,2
including,2
grandparents,2
Saturday,2
green,2
clothes,2
tops,2
paper,2
access,2
hope,2
reopen,2
seats,2
twice,2
rooms,2
19th,2
7,2
fee,2
tutor,2
25,2
pack,2
5,2
blue,2
Those,2
directing,2
floor,2
Greek,2
lion,2
skin,2
450,2
disease,2
diet,2
humans,2
leadership,2
telephone,2
female,2
classical,2
opera,2
considerably,2
cattle,2
boats,2
method,2
presence,2
became,2
pot,2
George,2
speaking,2
brother,2
traditional,2
tea,2
twenty,2
Oh,2
secondary,2
primary,2
How,2
academic,2
volume,2
mixed,2
30%,2
bigger,2
vision,2
wait,2
fine,2
began,2
majority,2
sites,2
followed,2
designed,2
formal,2
Restaurant,2
creativity,2
lead,2
consider,2
beginning,2
profit,2
tracks,2
human,2
believed,2
Right,2
struck,2
shaped,2
rocks,2
Bank,2
job,2
Studies,2
Library,2
House,2
English,2
media,2
statistics,2
percent,2
walkers,2
special,2
Forest,2
swim,2
highest,2
About,2
wearing,2
indoor,2
cycling,2
countries,2
warming,2
search,2
empty,2
familiar,2
modern,2
escape,2
baby,2
chocolate,2
bathroom,2
bees,2
lose,2
feeding,2
My,2
father,2
West,2
cliffs,2
indication,2
wildlife,2
urban,2
patterns,2
bounds,2
finally,2
solar,2
diversity,2
giving,2
displays,2
North,2
25th,2
provide,2
flavour,2
increased,2
cent,2
cheese,2
natural,2
minerals,2
garage,2
concert,2
hall,2
studies,2
rough,2
smaller,2
difficult,2
controls,2
40,2
timetable,2
tasks,2
single,2
lived,2
tourism,2
advice,2
else,2
Carberry,2
Thomas,2
painted,2
lights,2
bookshop,2
planned,2
midday,2
departments,2
hospitals,2
larger,2
key,2
necessarily,2
names,2
tell,2
exactly,2
bags,2
booking,2
leader,2
mature,2
major,2
worry,2
teacher,2
hours,2
alarm,2
email,2
pleased,2
speak,2
anything,2
engineering,2
Modern,2
feature,2
name,2
Aborigines,2
managed,2
shells,2
moved,2
vegetables,2
levels,2
practise,2
technique,2
getting,2
;,2
surrounded,2
western,2
section,2
responsibility,2
flexible,2
question,2
dancing,2
create,2
heating,2
hot,2
plastic,2
press,2
light,2
spare,2
top,2
Thursdays,2
trips,2
prove,2
haven,2
injuries,2
theme,2
guests,2
kept,2
Section,2
tent,2
sculpture,2
equipment,2
shape,2
snakes,2
blocks,2
mountains,2
rivers,2
Britain,2
birds,2
maps,2
completed,2
typical,2
decline,2
wild,2
today,2
processes,2
rural,2
survival,2
rate,2
difficulties,2
extensive,2
dentist,2
trains,2
safe,2
lanes,2
suite,2
joining,2
adopt,2
Instead,2
stone,2
spent,2
remote,2
islands,2
techniques,2
himself,2
process,2
practical,2
reproduction,2
demand,2
customers,2
friend,2
Do,2
career,2
interview,2
outcome,2
policy,2
volunteers,2
observation,2
publicised,2
exploration,2
hasn,2
character,2
cameras,2
Samson,2
energy,2
scheme,2
patients,2
articles,2
stuck,2
looked,2
morning,2
higher,2
metals,2
port,2
thousands,2
aunt,2
disabled,2
replaced,2
turned,2
meetings,2
tours,2
separate,2
across,2
director,2
conservation,2
society,2
tests,2
beside,2
New,2
organisms,2
Didn,2
Mr,2
leaving,2
begin,2
surprised,2
realised,2
visibility,2
assumptions,2
words,2
physics,2
Or,2
task,2
original,2
appointment,2
ceramics,2
starts,2
regional,2
flowers,2
grass,2
gallery,2
donated,2
parts,2
exhibition,2
bottom,2
stairs,2
facilities,2
produced,2
taken,2
rich,2
playing,2
flute,2
choices,2
narrow,2
expectations,2
players,2
sort,2
chain,2
increase,2
spaces,2
high,2
council,2
nature,2
olds,2
husband,2
horse,2
helmet,2
shops,2
analysis,2
test7,2
test5,2
mostly,2
copyright,2
aren,2
magazines,2
rows,2
insurance,2
diary,2
In,2
draw,2
additional,2
test6,2
literature,2
moment,2
documentary,2
headings,2
damage,2
share,2
meet,2
Munich,2
airport,2
Claus,2
scientist,2
minor,2
appropriate,2
High,2
At,2
allowed,2
metre,2
lorries,2
political,2
lively,2
useful,2
follow,2
hadn,2
His,2
grown,2
private,2
bones,2
replace,2
based,2
Gallery,2
Square,2
ends,2
Go,2
remember,2
suggestions,2
fast,2
wardens,2
1996,2
action,2
line,2
movie,2
actors,2
youth,2
tails,2
attention,2
ended,2
difficulty,2
permanent,2
fun,2
active,2
sometimes,2
l,2
others,2
wool,2
dye,2
fortune,2
improve,2
such,2
Park,2
please,2
tended,2
models,2
touch,2
furniture,2
September,2
tenth,2
fat,2
label,2
given,2
chicken,2
weren,2
brought,2
feedback,2
economic,2
face,2
basis,2
websites,2
direction,2
college,2
drive,2
generally,2
stay,2
storms,2
trail,2
enjoy,2
fully,2
discuss,2
apprenticeship,2
valuable,2
refurbishment,2
dressed,2
tower,2
applying,2
lives,2
She,2
island,2
extinction,2
happened,2
precise,2
certainly,2
child,2
easily,2
basic,2
serve,2
stories,2
type,2
novel,2
suit,2
drink,2
kilometres,2
completely,2
organised,2
wood,2
living,2
lily,2
especially,2
adults,2
Most,2
guardian,2
household,2
goods,2
warehouse,2
reception,2
fridges,2
refrigeration,2
calorie,2
amount,2
schemes,2
Community,2
holding,2
adventure,2
playground,2
itself,1
intensive,1
voluntary,1
organisation,1
trouble,1
continue,1
operating,1
supply,1
economy,1
bills,1
pound,1
funds,1
receiving,1
consignment,1
crisis,1
early,1
twenties,1
Money,1
Management,1
risk,1
investments,1
Whale,1
Watch,1
minibus,1
18th,1
bushwalk,1
table,1
downstairs,1
accommodation,1
package,1
280,1
fourteen,1
20%,1
statement,1
125,1
1.50,1
forty,1
brakes,1
fingers,1
satisfactory,1
Lida,1
1.4,1
automatic,1
Sky,1
credit,1
Doctor,1
Lion,1
reasonable,1
14,1
9,1
intermediate,1
guest,1
23rd,1
选择题,1
和,1
匹配,1
题,1
talks,1
aspects,1
useless,1
highly,1
debatable,1
printed,1
sits,1
shelves,1
intention,1
phase,1
eventually,1
prefer,1
oversee,1
induction,1
programmes,1
bibliography,1
trainer,1
draft,1
OK,1
Law,1
Department,1
12.5%,1
incineration,1
conditioner,1
containers,1
pencils,1
cards,1
slang,1
cooperating,1
persuading,1
editing,1
experiment,1
5th,1
standard,1
rates,1
individuals,1
alter,1
overcome,1
recover,1
investment,1
definitely,1
boost,1
disagree,1
Karin,1
desert,1
ship,1
currents,1
Rexford,1
35,1
London,1
Airport,1
references,1
independent,1
learning,1
postgraduate,1
thinking,1
agencies,1
behalf,1
worth,1
clubhouse,1
picnic,1
prizes,1
collect,1
fees,1
newsletters,1
supervise,1
Kingswell,1
Club,1
studio,1
yoga,1
salad,1
1.00,1
4.30,1
180,1
hooves,1
technologies,1
entire,1
picture,1
camera,1
weighed,1
200,1
kilograms,1
rival,1
1895,1
independently,1
guess,1
famous,1
Lumi,1
è,1
Brothers,1
tendency,1
played,1
caused,1
reels,1
called,1
Great,1
Train,1
Robbery,1
King,1
refreshments,1
10.15,1
Advance,1
reservations,1
Mining,1
zoo,1
catalogues,1
Computer,1
checklist,1
classroom,1
Review,1
2000,1
leather,1
ships,1
poverty,1
Houses,1
crowded,1
closely,1
Few,1
heated,1
damp,1
unhealthy,1
occupied,1
possibly,1
aunts,1
uncles,1
Castles,1
bottle,1
Undersea,1
Worlds,1
silver,1
reoriented,1
lifts,1
efficient,1
dressing,1
converted,1
airy,1
session,1
advance,1
nursery,1
annual,1
laptops,1
printers,1
marketing,1
Future,1
Directions,1
75,1
cheque,1
conference,1
South,1
21A,1
stamping,1
tickets,1
chefs,1
among,1
shirt,1
monitoring,1
tax,1
security,1
Lecture,1
Safety,1
Work,1
Main,1
leaders,1
split,1
sub,1
coins,1
Europe,1
saw,1
roaming,1
fold,1
undersides,1
whereas,1
African,1
prince,1
attack,1
entertainment,1
interviews,1
Male,1
jazz,1
concerts,1
club,1
hypotheses,1
origins,1
Ireland,1
beginnings,1
farming,1
breeding,1
exceeded,1
herd,1
similar,1
covered,1
livestock,1
severely,1
restricted,1
colonising,1
fleets,1
evidence,1
consists,1
impressions,1
pottery,1
cereal,1
grain,1
accidentally,1
embedded,1
sand,1
Scotland,1
successful,1
devastated,1
death,1
elder,1
daughter,1
Josephine,1
regarded,1
Rosewood,1
pure,1
Pear,1
Alley,1
Mulberry,1
footbridge,1
Select,1
seventh,1
nineteen,1
Riverside,1
oh,1
Um,1
sorry,1
engineer,1
Mother,1
€,1
internet,1
textbooks,1
overdue,1
includes,1
everything,1
print,1
dissertations,1
mean,1
conventions,1
sheer,1
reluctant,1
insights,1
handed,1
apes,1
consistently,1
fished,1
ants,1
directions,1
corrections,1
aids,1
147,1
miles,1
cab,1
service,1
reserve,1
seat,1
17th,1
12.30,1
Yeah,1
sounds,1
AC936,1
3303,1
8450,1
2045,1
6837,1
campsites,1
UK,1
offering,1
camping,1
10.30,1
makers,1
quiet,1
arrange,1
reservation,1
thank,1
barbecue,1
Inside,1
toys,1
specially,1
PS,1
Camping,1
cool,1
mops,1
buckets,1
Bridge,1
Newtown,1
6.30,1
p,1
Tower,1
views,1
depart,1
gender,1
targeting,1
employees,1
co,1
operation,1
conformity,1
priority,1
teach,1
repeated,1
magic,1
observing,1
distance,1
NEVER,1
touching,1
intact,1
closest,1
aims,1
recreate,1
atmosphere,1
awesome,1
beauty,1
mass,1
dome,1
fossils,1
Over,1
1882,1
1883,1
1959,1
Treaty,1
signed,1
reserved,1
peaceful,1
prohibits,1
nuclear,1
explosions,1
disposal,1
Patrick,1
Jones,1
27,1
Dentist,1
Northern,1
Star,1
stolen,1
law,1
Red,1
Flag,1
Business,1
Third,1
Year,1
cleaner,1
B659,1
Office,1
Assistant,1
eleven,1
assessed,1
geographical,1
shall,1
overview,1
Of,1
role,1
Nope,1
Resources,1
embassy,1
sixty,1
Each,1
sponsorship,1
pupil,1
rucksack,1
beautiful,1
carpets,1
enormous,1
Katiba,1
spectacular,1
Kumi,1
Temple,1
Parteh,1
Falls,1
waterfall,1
village,1
JO,1
6337,1
Advanced,1
pets,1
seafood,1
catching,1
train,1
pace,1
factories,1
warehouses,1
storehouses,1
Residents,1
housing,1
rose,1
biology,1
viewing,1
Melissa,1
cigar,1
thirteen,1
activated,1
kilometers,1
temperature,1
completing,1
projects,1
For,1
underlying,1
El,1
Ni,1
ñ,1
mechanics,1
climate,1
ozone,1
depletion,1
ongoing,1
variability,1
rescue,1
missions,1
happening,1
preserving,1
stocks,1
sustainable,1
practices,1
future,1
dispiriting,1
surroundings,1
both,1
inviting,1
types,1
travellers,1
sleek,1
trend,1
Michael,1
Alexander,1
First,1
Class,1
Movers,1
November,1
140,1
leg,1
plates,1
60,1
Queensland,1
infested,1
mites,1
Australia,1
exports,1
native,1
Queen,1
laboratory,1
wings,1
reliable,1
sequenced,1
listing,1
clearly,1
fan,1
cowboy,1
Wild,1
subjected,1
epics,1
shot,1
sandstone,1
plateaux,1
vegetation,1
horses,1
caves,1
distortion,1
educational,1
offer,1
agriculturists,1
Fish,1
Farms,1
Market,1
temporarily,1
bicycles,1
foot,1
electric,1
tram,1
powered,1
cells,1
goats,1
hens,1
poultry,1
maintain,1
breeds,1
expert,1
fly,1
fisherman,1
currently,1
brochure,1
video,1
48,1
Avenue,1
Westsea,1
WS6,1
2YH,1
01674,1
553242,1
drinks,1
pianist,1
10.50,1
50%,1
1.30,1
December,1
45,1
quizzes,1
photographs,1
continuous,1
screenings,1
documentaries,1
dinosaurs,1
ranqe,1
dinosaur,1
enhance,1
glutamate,1
industrial,1
production,1
dramatically,1
fifth,1
taste,1
amino,1
acid,1
common,1
foods,1
Bitterness,1
saltiness,1
signals,1
600,1
noisy,1
595,1
host,1
confirm,1
covering,1
gain,1
isolated,1
describe,1
combination,1
contribution,1
pity,1
conductor,1
stretches,1
rehearsing,1
wonder,1
clever,1
essays,1
helping,1
revision,1
exams,1
priorities,1
paragraph,1
tourists,1
walks,1
volcanoes,1
proper,1
suspicious,1
guidance,1
laptop,1
villages,1
sphere,1
definite,1
Well,1
sooner,1
accident,1
lines,1
underground,1
bear,1
widened,1
roadway,1
Evelyn,1
install,1
crosses,1
intersection,1
1983,1
Council,1
Three,1
Lives,1
4.50,1
Faces,1
China,1
waiters,1
meal,1
jacket,1
approached,1
postgraduates,1
overseas,1
despite,1
continually,1
unhappy,1
mainly,1
worried,1
invested,1
community,1
revert,1
units,1
pull,1
reassurance,1
traceable,1
answers,1
branch,1
staying,1
correct,1
membership,1
Bradcaster,1
Gym,1
normally,1
30.00,1
tide,1
ears,1
noises,1
networks,1
residence,1
Bhatt,1
31st,1
1972,1
bedsit,1
shared,1
answering,1
Hillsdunne,1
4.45,1
11,1
clock,1
voice,1
22,1
Manuja,1
component,1
relocating,1
Self,1
Access,1
University,1
timetabling,1
class,1
workbooks,1
professional,1
keeping,1
eye,1
sense,1
satisfaction,1
performance,1
tutorials,1
habits,1
jump,1
journals,1
x,1
ray,1
internal,1
skeleton,1
featured,1
curvier,1
convey,1
Europeans,1
Dynamic,1
miniature,1
period,1
marine,1
tradition,1
source,1
prominently,1
36,1
animal,1
rising,1
hunting,1
creation,1
farm,1
dyes,1
cloth,1
ranger,1
dirty,1
torn,1
hide,1
dog,1
southern,1
flower,1
circular,1
wooded,1
conversations,1
effectively,1
risks,1
descriptions,1
altering,1
300,1
Sunshade,1
balcony,1
forests,1
319,1
relative,1
item,1
Ludlow,1
Their,1
chief,1
aim,1
somewhere,1
environmentally,1
friendly,1
insulation,1
concrete,1
switch,1
Below,1
middle,1
reset,1
heater,1
square,1
indicator,1
knob,1
cupboard,1
white,1
upstairs,1
powder,1
shelf,1
above,1
sink,1
hanging,1
hook,1
window,1
bulbs,1
cardboard,1
washing,1
machine,1
drawer,1
chest,1
babies,1
Eshcol,1
Gormley,1
vaccinated,1
abroad,1
serious,1
employer,1
accept,1
heart,1
ages,1
Birmingham,1
1984,1
driest,1
miserable,1
wet,1
visit,1
million,1
concern,1
mechanical,1
Liz,1
devotes,1
energies,1
recruiting,1
supporting,1
squadron,1
Sarah,1
returned,1
fed,1
watered,1
Duncan,1
stalwart,1
construction,1
wife,1
Judith,1
joined,1
retail,1
note,1
Student,1
Support,1
29,1
test,1
Ardleigh,1
newspaper,1
beaches,1
2020,1
flight,1
initiatives,1
enables,1
seawater,1
hoping,1
represented,1
rides,1
orangutans,1
tigers,1
replicating,1
mines,1
precious,1
Stone,1
rockets,1
Space,1
medieval,1
castles,1
fortifications,1
mentioned,1
sparrow,1
hawks,1
prey,1
wondered,1
endorsed,1
scale,1
usage,1
owners,1
100,1
twelve,1
ticking,1
pro,1
list,1
adding,1
rarer,1
deliberately,1
exception,1
studying,1
resent,1
generate,1
frogs,1
predators,1
attractive,1
hedgehogs,1
efforts,1
count,1
precisely,1
Hardie,1
hairdresser,1
shower,1
２,1
Olympic,1
sized,1
expanded,1
refurbished,1
rules,1
peak,1
photo,1
innovative,1
pushing,1
liquid,1
depressurised,1
reverts,1
gas,1
carbon,1
dioxide,1
sent,1
cylinder,1
model,1
grant,1
passion,1
collecting,1
man,1
harsh,1
conditions,1
lifestyles,1
inhabitants,1
impossible,1
huge,1
stretch,1
lies,1
nearest,1
inhabited,1
factor,1
ancient,1
build,1
carvings,1
modem,1
academics,1
call,1
archaeology,1
tone,1
somewhat,1
fashioned,1
gene,1
strangers,1
erosion,1
expansion,1
regulation,1
employed,1
achievement,1
situational,1
aspirations,1
development,1
structures,1
managing,1
prioritising,1
explaining,1
asserting,1
opinions,1
250,1
enhances,1
image,1
copies,1
psychology,1
officers,1
updates,1
checking,1
placement,1
alerts,1
letter,1
invitation,1
personnel,1
mentor,1
charity,1
uses,1
campaigns,1
forth,1
widely,1
understood,1
creates,1
underwater,1
noise,1
hooked,1
Echo,1
elusive,1
sighted,1
observers,1
Kiwi,1
love,1
coming,1
dolphins,1
chosen,1
Moondancer,1
easy,1
fin,1
visualise,1
consulting,1
Cold,1
1950s,1
police,1
shifting,1
somehow,1
shining,1
Only,1
marks,1
subject,1
programme,1
graduate,1
university,1
emphasis,1
acting,1
deadline,1
choice,1
tips,1
forgot,1
arrangements,1
Pargetter,1
East,1
postbox,1
prices,1
cooker,1
fence,1
navigable,1
Avon,1
proved,1
handy,1
load,1
unload,1
cargo,1
Industrial,1
Revolution,1
tremendous,1
containing,1
shipped,1
distances,1
twentieth,1
Manham,1
declined,1
forced,1
emigrate,1
reconstructing,1
guided,1
ladders,1
46,1
Wombat,1
glasses,1
hostel,1
Buckleigh,1
PE9,1
7QT,1
waiter,1
07788,1
136711,1
legroom,1
storerooms,1
purposes,1
organising,1
backstage,1
surprise,1
puppets,1
although,1
foyer,1
cooler,1
artistic,1
oxygen,1
mammals,1
consumption,1
Charlton,1
115,1
cash,1
code,1
floors,1
decorations,1
capabilities,1
recommend,1
nano,1
particles,1
treated,1
chemicals,1
dear,1
labelling,1
plough,1
discoveries,1
applications,1
memory,1
oil,1
dogs,1
scarecrow,1
maze,1
branches,1
Walk,1
Black,1
Path,1
bends,1
From,1
cross,1
farmyard,1
habitats,1
piece,1
string,1
Blake,1
fuss,1
behind,1
divided,1
measured,1
wave,1
straightforward,1
beach,1
amendments,1
scan,1
prevent,1
drying,1
hiding,1
rock,1
correctly,1
majoring,1
STEM,1
disciplines,1
math,1
researchers,1
basically,1
focusing,1
putting,1
thoughts,1
relax,1
activity,1
raised,1
grades,1
told,1
affected,1
factual,1
professors,1
canal,1
rubber,1
curved,1
curtains,1
international,1
demonstrates,1
lunchtime,1
4,1
race,1
Offord,1
Marina,1
championship,1
mushrooms,1
cave,1
tiger,1
crying,1
scarf,1
drafting,1
happier,1
attracts,1
largest,1
sculptures,1
Around,1
TV,1
ordinary,1
digging,1
All,1
porcelain,1
founder,1
restaurant,1
cloakroom,1
coats,1
umbrellas,1
continents,1
specifically,1
recordings,1
granted,1
leading,1
musicians,1
investigate,1
worn,1
violinist,1
trumpet,1
upset,1
audiences,1
strayed,1
boundaries,1
suggests,1
otherwise,1
discounted,1
trivial,1
certain,1
performers,1
fulfil,1
esteem,1
imagine,1
features,1
safeguard,1
Potentially,1
buses,1
separating,1
reducing,1
improving,1
colleges,1
sector,1
adjoining,1
Grand,1
news,1
redecorated,1
improved,1
secure,1
funding,1
become,1
body,1
administers,1
reserves,1
Bythwaite,1
actor,1
aimed,1
babysitter,1
Fire,1
Flood,1
test4Section4,1
sugars,1
roots,1
moist,1
grasses,1
software,1
emotions,1
income,1
teenagers,1
crime,1
stamps,1
Maybe,1
relate,1
libraries,1
external,1
developments,1
population,1
languages,1
digitalized,1
lasts,1
70,1
author,1
dies,1
seller,1
happen,1
disappear,1
budget,1
database,1
65s,1
steadily,1
noticeable,1
growth,1
55,1
64,1
tourist,1
customs,1
lasting,1
minded,1
excellent,1
dishes,1
Groups,1
tuition,1
weight,1
bullying,1
superiority,1
structural,1
absence,1
visions,1
democratic,1
respect,1
mediator,1
whenever,1
relations,1
Scandinavia,1
Scandinavian,1
specialised,1
courses,1
plays,1
translation,1
context,1
published,1
assignment,1
wrote,1
recording,1
watch,1
sections,1
according,1
phrases,1
sentences,1
bullet,1
points,1
heading,1
confusion,1
smartphone,1
unnecessary,1
met,1
Bauer,1
works,1
operator,1
negotiate,1
110,1
confess,1
Lebanese,1
premiere,1
performed,1
commissioned,1
mark,1
birth,1
palace,1
coach,1
opening,1
festival,1
mayor,1
dignitaries,1
attending,1
stunning,1
Town,1
dates,1
14th,1
2.45,1
band,1
logo,1
remove,1
rings,1
bracelets,1
Emma,1
Jake,1
slicer,1
feet,1
lifting,1
carrying,1
tells,1
straightaway,1
Joy,1
Parkins,1
David,1
Field,1
injure,1
incident,1
recorded,1
treatment,1
Dexter,1
Wills,1
smash,1
plate,1
Mike,1
Smith,1
member,1
perishables,1
rise,1
concerning,1
People,1
lack,1
due,1
parked,1
sides,1
introducing,1
regulations,1
wav,1
obeys,1
locate,1
sign,1
manage,1
introduced,1
loading,1
unloading,1
fountain,1
silent,1
optional,1
module,1
function,1
experiments,1
theory,1
comparing,1
proportion,1
germinated,1
detail,1
impressive,1
sorts,1
weighs,1
deep,1
tall,1
lecture,1
Arretsa,1
knife,1
graduates,1
embarking,1
careers,1
worlds,1
fashion,1
buying,1
apartments,1
streets,1
pictures,1
jewellery,1
asked,1
outfit,1
everyday,1
receipt,1
charged,1
Reynolds,1
Thumb,1
Sheepmarket,1
Contemporary,1
Art,1
anywhere,1
Warner,1
specialises,1
art,1
Nucleus,1
winding,1
Did,1
record,1
administrators,1
overseeing,1
Dr,1
Baker,1
interviewees,1
anonymous,1
analyse,1
trends,1
regularities,1
normal,1
readers,1
ought,1
historical,1
permission,1
retired,1
sticking,1
guides,1
enforced,1
classification,1
worst,1
issues,1
loose,1
adaptation,1
Japan,1
filming,1
Italy,1
Romeo,1
&,1
Juliet,1
moves,1
picked,1
Hamlet,1
included,1
text,1
，,1
hero,1
singing,1
animation,1
blend,1
scenes,1
Richard,1
III,1
behavior,1
ducks,1
costs,1
doctor,1
Africa,1
Arbuthnot,1
DG74PH,1
Tuesday,1
tongue,1
partner,1
protection,1
steps,1
Should,1
assume,1
introduction,1
fascination,1
aspect,1
medicine,1
While,1
spending,1
mention,1
sentence,1
ties,1
With,1
regard,1
abruptly,1
rounding,1
eve,1
occasionally,1
glancing,1
wondering,1
specific,1
explained,1
summary,1
weekends,1
crow,1
behaviour,1
network,1
frequency,1
regular,1
difference,1
anyone,1
fresh,1
hurting,1
achieve,1
likely,1
progress,1
determination,1
realistic,1
push,1
Give,1
nice,1
treat,1
races,1
Jerriz,1
Z,1
stadium,1
route,1
Years,1
carpet,1
Turkey,1
amazing,1
colours,1
cotton,1
nylon,1
Like,1
vegetable,1
beetroot,1
chop,1
pile,1
rinsed,1
material,1
washed,1
washes,1
watery,1
cream,1
shade,1
rare,1
fell,1
centuries,1
ingested,1
affect,1
fabric,1
nearly,1
motivated,1
potential,1
Redfern,1
hosting,1
event,1
facility,1
ICT,1
College,1
relevant,1
mobile,1
outdated,1
keen,1
dismissive,1
updating,1
articipants,1
grandchildren,1
brains,1
Canadian,1
blond,1
87954,1
82361,1
219,1
442,1
9785,1
knee,1
shoulder,1
vitamins,1
product,1
believe,1
claims,1
packaging,1
yoghurt,1
unless,1
nutritional,1
values,1
pizza,1
easiest,1
calling,1
artificial,1
additives,1
percentage,1
findings,1
conclusive,1
compulsory,1
ridiculous,1
consultation,1
socio,1
interviewed,1
participants,1
sample,1
biggest,1
pollutants,1
discharged,1
account,1
Really,1
drainage,1
channels,1
spend,1
destruction,1
universities,1
slaves,1
taxation,1
transportation,1
night,1
predictable,1
gates,1
fuel,1
Finance,1
Maths,1
jeans,1
late,1
smile,1
trails,1
medal,1
ascent,1
steep,1
couple,1
summit,1
firewood,1
drinking,1
hut,1
timers,1
regardless,1
skill,1
ideal,1
experts,1
mastered,1
needed,1
hills,1
sunshine,1
achieved,1
improvement,1
ambitions,1
depend,1
circumstances,1
advise,1
Comfortable,1
trainers,1
preferable,1
introduce,1
packed,1
eighty,1
roses,1
speech,1
cabins,1
throughout,1
gym,1
Tesla,1
spelled,1
microphone,1
wifi,1
135,1
clubs,1
owned,1
amusement,1
wax,1
costumes,1
periods,1
inside,1
towers,1
violin,1
disturbing,1
clarinet,1
Olympics,1
wallpapering,1
babysitting,1
element,1
CV,1
listeners,1
By,1
Consuela,1
encourages,1
woman,1
girl,1
expressing,1
timeline,1
illustrations,1
mammoth,1
previously,1
American,1
mainland,1
recent,1
mammoths,1
concluded,1
5.600,1
prehistoric,1
researcher,1
led,1
chronological,1
pattern,1
overrun,1
dances,1
clouds,1
festivals,1
comets,1
instruments,1
thermometer,1
telegraph,1
carnival,1
drummer,1
parade,1
hardly,1
ever,1
thinks,1
breathing,1
breath,1
trombone,1
interact,1
rushes,1
rehearsal,1
nurturing,1
Generally,1
eager,1
helpful,1
sociable,1
shy,1
situations,1
loners,1
revolves,1
grow,1
Although,1
consideration,1
teachers,1
siblings,1
verbalising,1
defend,1
writer,1
conscious,1
message,1
conveying,1
inspired,1
finish,1
comics,1
targeted,1
sex,1
Swiss,1
shipwrecked,1
Robinson,1
Crusoe,1
earlier,1
Tchaikovsky,1
ballet,1
Nutcracker,1
struggled,1
Tolkien,1
Lord,1
Rings,1
Hardly,1
simple,1
nests,1
Jamieson,1
communication,1
provided,1
sandwiches,1
700,1
Afterwards,1
Sunset,1
Beach,1
dip,1
cast,1
members,1
chat,1
cutlery,1
rail,1
Heysham,1
illness,1
welcome,1
alternative,1
administrative,1
1422,1
pass,1
steam,1
Eustatis,1
review,1
Chat,1
posters,1
blog,1
spring,1
marble,1
eyes,1
wine,1
page,1
graphics,1
compare,1
editorials,1
raise,1
strong,1
feelings,1
avoid,1
Perhaps,1
arts,1
unlike,1
ownership,1
instance,1
Minster,1
nearby,1
planting,1
1892,1
Diane,1
Gosforth,1
petitions,1
demonstrations,1
planted,1
2016,1
angle,1
deliveries,1
tidy,1
customer,1
volunteer,1
elderly,1
residents,1
block,1
either,1
develop,1
extended,1
quieter,1
considering,1
novels,1
keeps,1
falling,1
asleep,1
condition,1
named,1
Pickwickian,1
Syndrome,1
learnt,1
touring,1
Nicholas,1
joins,1
theatres,1
amusements,1
Dickens,1
drew,1
heroine,1
As,1
treats,1
puts,1
married,1
Dorrit,1
inherits,1
pretending,1
journalist,1
shopping,1
Staunfirth,1
23.70,1
delay,1
irrigation,1
wire,1
posts,1
preservation,1
clay,1
hair,1
baths,1
perfume,1
salt,1
publication,1
negative,1
capitalism,1
depression,1
logic,1
wealth,1
textiles,1
machines,1
1926,1
Stevenson,1
healthcare,1
necessary,1
intend,1
carry,1
mornings,1
accessed,1
canteen,1
continuing,1
meeting,1
boardroom,1
insulating,1
straw,1
sawdust,1
melt,1
Both,1
ice,1
snow,1
sold,1
dump,1
stopped,1
unfortunately,1
divide,1
fridge,1
expensive,1
compared,1
appliances,1
refrigerated,1
favour,1
producers,1
domestic,1
splitting,1
heir,1
sell,1
offices,1
Developers,1
construct,1
lower,1
considerable,1
chairs,1
Food,1
World,1
Adventures,1
cuisine,1
cater,1
rain,1
snack,1
medication,1
ninety,1
dollars,1
nuts,1
scales,1
weighing,1
accurate,1
items,1
menu,1
manufacturers,1
counts,1
confusing,1
suspect,1
40%,1
objectively,1
measure,1
sensors,1
6%,1
4%,1
recommended,1
unconscious,1
influenced,1
modifications,1
talking,1
solutions,1
nutrition,1
Let,1
juggle,1
responsibilities,1
benefits,1
unpleasant,1
cold,1
windy,1
paced,1
margins,1
ladder,1
maternity,1
cover,1
contract,1
visiting,1
region,1
possibility,1
renting,1
cottage,1
estate,1
dreamed,1
dream,1
comes,1
true,1
coincidence,1
obvious,1
graph,1
evaluate,1
reduced,1
emissions,1
effect,1
significantly,1
functional,1
app,1
payments,1
publicity,1
strange,1
sharing,1
Not,1
An,1
instant,1
grandmother,1
decade,1
bone,1
complained,1
vehicles,1
add,1
pedestrian,1
originally,1
waits,1
signs,1
requesting,1
engines,1
beyond,1
alongside,1
southeast,1
directly,1
spices,1
colony,1
movement,1
smell,1
rats,1
forest,1
frame,1
Grandparents,1
background,1
therapy,1
motivation,1
isolation,1
obesity,1
habit,1
Chervil,1
monument,1
Much,1
Natural,1
History,1
evaluated,1
fix,1
danger,1
suggested,1
impression,1
rapid,1
grandfather,1
ambiguous,1
exploit,1
ending,1
existence,1
fist,1
hurt,1
boundary,1
hidden,1
following,1
disastrous,1
fire,1
destroyed,1
Mondays,1
hoped,1
extend,1
weekend,1
decorate,1
Wednesdays,1
Fradstone,1
